[
  {
    "id": "tpl-fig-01",
    "slug": "tpl-fig-01",
    "name": "UI Kit Shop – Figma",
    "price": 19,
    "oldPrice": 39,
    "img": "https://images.unsplash.com/photo-1547658719-da2b51169166?q=80&w=1200&auto=format&fit=crop",
    "tags": [
      "Template",
      "Design"
    ],
    "cat": "Template",
    "popular": 98,
    "date": "2025-10-01",
    "url": "https://example.com/figma-uikit"
  },
  {
    "id": "ebook-ai-01",
    "slug": "ebook-ai-01",
    "name": "Ebook: AI Prompt Mastery",
    "price": 9,
    "oldPrice": 19,
    "img": "https://images.unsplash.com/photo-1518779578993-ec3579fee39f?q=80&w=1200&auto=format&fit=crop",
    "tags": [
      "Ebook",
      "AI"
    ],
    "cat": "Ebook",
    "popular": 76,
    "date": "2025-08-15",
    "url": "https://example.com/ai-prompt"
  }
]